date,avgprcp
2010-02-28,0
2010-03-01,79
2010-03-02,0
2010-03-03,5
2010-03-04,15
2010-03-05,0
2010-03-06,0
2010-03-07,0
2010-03-08,0
2010-03-09,0
2010-03-10,0
2010-03-11,20
2010-03-12,0
2010-03-13,373
2010-03-14,864
2010-03-15,536
2010-03-16,0
2010-03-17,0
2010-03-18,0
2010-03-19,0
2010-03-20,0
2010-03-21,0
2010-03-22,20
2010-03-23,564
2010-03-24,5
2010-03-25,0
2010-03-26,43
2010-03-27,0
2010-03-28,0
2010-03-29,498
2010-03-30,744
2010-03-31,10
2010-04-01,0
2010-04-02,0
2010-04-03,0
2010-04-04,0
2010-04-05,0
2010-04-06,0
2010-04-07,0
2010-04-08,0
2010-04-09,224
2010-04-10,0
2010-04-11,0
2010-04-12,0
2010-04-13,0
2010-04-14,0
2010-04-15,0
2010-04-16,99
2010-04-17,38
2010-04-18,20
2010-04-19,0
2010-04-20,0
2010-04-21,0
2010-04-22,38
2010-04-23,3
2010-04-24,0
2010-04-25,0
2010-04-26,8
2010-04-27,15
2010-04-28,8
2010-04-29,0
2010-04-30,0
2010-05-01,0
2010-05-02,0
2010-05-03,5
2010-05-04,5
2010-05-05,0
2010-05-06,0
2010-05-07,0
2010-05-08,305
2010-05-09,0
2010-05-10,0
2010-05-11,0
2010-05-12,0
2010-05-13,0
2010-05-14,119
2010-05-15,0
2010-05-16,0
2010-05-17,0
2010-05-18,224
2010-05-19,51
2010-05-20,0
2010-05-21,0
2010-05-22,0
2010-05-23,0
2010-05-24,0
2010-05-25,0
2010-05-26,15
2010-05-27,13
2010-05-28,0
2010-05-29,0
2010-05-30,0
2010-05-31,0
2010-06-01,109
2010-06-02,0
2010-06-03,178
2010-06-04,0
2010-06-05,180
2010-06-06,180
2010-06-07,0
2010-06-08,0
2010-06-09,10
2010-06-10,25
2010-06-11,0
2010-06-12,46
2010-06-13,5
2010-06-14,0
2010-06-15,0
2010-06-16,5
2010-06-17,0
2010-06-18,0
2010-06-19,0
2010-06-20,41
2010-06-21,0
2010-06-22,0
2010-06-23,15
2010-06-24,13
2010-06-25,0
2010-06-26,0
2010-06-27,0
2010-06-28,0
2010-06-29,0
2010-06-30,0
2010-07-01,0
2010-07-02,0
2010-07-03,0
2010-07-04,0
2010-07-05,0
2010-07-06,0
2010-07-07,0
2010-07-08,0
2010-07-09,0
2010-07-10,419
2010-07-11,3
2010-07-12,64
2010-07-13,10
2010-07-14,28
2010-07-15,0
2010-07-16,5
2010-07-17,0
2010-07-18,0
2010-07-19,0
2010-07-20,0
2010-07-21,13
2010-07-22,0
2010-07-23,124
2010-07-24,0
2010-07-25,0
2010-07-26,0
2010-07-27,0
2010-07-28,0
2010-07-29,10
2010-07-30,0
2010-07-31,0
2010-08-01,0
2010-08-02,0
2010-08-03,0
2010-08-04,0
2010-08-05,251
2010-08-06,0
2010-08-07,0
2010-08-08,0
2010-08-09,0
2010-08-10,18
2010-08-11,0
2010-08-12,0
2010-08-13,0
2010-08-14,0
2010-08-15,0
2010-08-16,53
2010-08-17,0
2010-08-18,0
2010-08-19,0
2010-08-20,0
2010-08-21,0
2010-08-22,61
2010-08-23,178
2010-08-24,198
2010-08-25,701
2010-08-26,0
2010-08-27,0
2010-08-28,0
2010-08-29,0
2010-08-30,0
2010-08-31,0
2010-09-01,0
2010-09-02,0
2010-09-03,86
2010-09-04,5
2010-09-05,0
2010-09-06,0
2010-09-07,0
2010-09-08,71
2010-09-09,0
2010-09-10,0
2010-09-11,0
2010-09-12,0
2010-09-13,25
2010-09-14,13
2010-09-15,0
2010-09-16,36
2010-09-17,38
2010-09-18,0
2010-09-19,0
2010-09-20,0
2010-09-21,0
2010-09-22,0
2010-09-23,0
2010-09-24,0
2010-09-25,0
2010-09-26,0
2010-09-27,10
2010-09-28,173
2010-09-29,0
2010-09-30,0
2010-10-01,89
2010-10-02,0
2010-10-03,0
2010-10-04,130
2010-10-05,23
2010-10-06,328
2010-10-07,0
2010-10-08,0
2010-10-09,0
2010-10-10,0
2010-10-11,0
2010-10-12,13
2010-10-13,0
2010-10-14,66
2010-10-15,300
2010-10-16,0
2010-10-17,0
2010-10-18,0
2010-10-19,0
2010-10-20,0
2010-10-21,5
2010-10-22,0
2010-10-23,0
2010-10-24,3
2010-10-25,3
2010-10-26,0
2010-10-27,33
2010-10-28,0
2010-10-29,0
2010-10-30,0
2010-10-31,0
2010-11-01,0
2010-11-02,0
2010-11-03,0
2010-11-04,198
2010-11-05,97
2010-11-06,0
2010-11-07,36
2010-11-08,109
2010-11-09,15
2010-11-10,18
2010-11-11,0
2010-11-12,0
2010-11-13,0
2010-11-14,0
2010-11-15,0
2010-11-16,10
2010-11-17,229
2010-11-18,0
2010-11-19,0
2010-11-20,0
2010-11-21,0
2010-11-22,0
2010-11-23,0
2010-11-24,0
2010-11-25,0
2010-11-26,41
2010-11-27,0
2010-11-28,0
2010-11-29,0
2010-11-30,0
2010-12-01,97
2010-12-02,0
2010-12-03,0
2010-12-04,0
2010-12-05,0
2010-12-06,0
2010-12-07,0
2010-12-08,0
2010-12-09,0
2010-12-10,0
2010-12-11,0
2010-12-12,292
2010-12-13,43
2010-12-14,0
2010-12-15,0
2010-12-16,0
2010-12-17,0
2010-12-18,0
2010-12-19,0
2010-12-20,48
2010-12-21,3
2010-12-22,8
2010-12-23,18
2010-12-24,0
2010-12-25,0
2010-12-26,231
2010-12-27,178
2010-12-28,0
2010-12-29,0
2010-12-30,0
2010-12-31,0
2011-02-28,160
2011-03-01,0
2011-03-02,5
2011-03-03,0
2011-03-04,0
2011-03-05,0
2011-03-06,18
2011-03-07,104
2011-03-08,0
2011-03-09,0
2011-03-10,5
2011-03-11,132
2011-03-12,0
2011-03-13,0
2011-03-14,0
2011-03-15,0
2011-03-16,137
2011-03-17,0
2011-03-18,0
2011-03-19,0
2011-03-20,0
2011-03-21,41
2011-03-22,0
2011-03-23,0
2011-03-24,3
2011-03-25,0
2011-03-26,0
2011-03-27,0
2011-03-28,0
2011-03-29,0
2011-03-30,0
2011-03-31,89
2011-04-01,114
2011-04-02,0
2011-04-03,0
2011-04-04,97
2011-04-05,18
2011-04-06,0
2011-04-07,0
2011-04-08,0
2011-04-09,0
2011-04-10,10
2011-04-11,3
2011-04-12,20
2011-04-13,338
2011-04-14,5
2011-04-15,0
2011-04-16,18
2011-04-17,244
2011-04-18,0
2011-04-19,38
2011-04-20,0
2011-04-21,0
2011-04-22,0
2011-04-23,102
2011-04-24,8
2011-04-25,3
2011-04-26,0
2011-04-27,0
2011-04-28,8
2011-04-29,0
2011-04-30,0
2011-05-01,0
2011-05-02,0
2011-05-03,0
2011-05-04,94
2011-05-05,3
2011-05-06,0
2011-05-07,91
2011-05-08,0
2011-05-09,0
2011-05-10,0
2011-05-11,3
2011-05-12,0
2011-05-13,0
2011-05-14,3
2011-05-15,272
2011-05-16,97
2011-05-17,46
2011-05-18,13
2011-05-19,127
2011-05-20,3
2011-05-21,0
2011-05-22,0
2011-05-23,28
2011-05-24,43
2011-05-25,0
2011-05-26,0
2011-05-27,0
2011-05-28,0
2011-05-29,0
2011-05-30,0
2011-05-31,0
2011-06-01,142
2011-06-02,0
2011-06-03,0
2011-06-04,0
2011-06-05,0
2011-06-06,0
2011-06-07,0
2011-06-08,0
2011-06-09,130
2011-06-10,0
2011-06-11,180
2011-06-12,84
2011-06-13,13
2011-06-14,10
2011-06-15,0
2011-06-16,0
2011-06-17,10
2011-06-18,18
2011-06-19,0
2011-06-20,0
2011-06-21,0
2011-06-22,462
2011-06-23,43
2011-06-24,3
2011-06-25,69
2011-06-26,0
2011-06-27,0
2011-06-28,0
2011-06-29,46
2011-06-30,0
2011-07-01,0
2011-07-02,0
2011-07-03,8
2011-07-04,0
2011-07-05,0
2011-07-06,0
2011-07-07,0
2011-07-08,74
2011-07-09,30
2011-07-10,0
2011-07-11,0
2011-07-12,0
2011-07-13,114
2011-07-14,183
2011-07-15,0
2011-07-16,0
2011-07-17,0
2011-07-18,0
2011-07-19,0
2011-07-20,0
2011-07-21,0
2011-07-22,0
2011-07-23,28
2011-07-24,5
2011-07-25,38
2011-07-26,3
2011-07-27,0
2011-07-28,0
2011-07-29,36
2011-07-30,0
2011-07-31,0
2011-08-01,0
2011-08-02,152
2011-08-03,0
2011-08-04,0
2011-08-05,0
2011-08-06,0
2011-08-07,269
2011-08-08,74
2011-08-09,307
2011-08-10,185
2011-08-11,0
2011-08-12,0
2011-08-13,0
2011-08-14,5
2011-08-15,363
2011-08-16,3
2011-08-17,0
2011-08-18,0
2011-08-19,8
2011-08-20,0
2011-08-21,0
2011-08-22,150
2011-08-23,0
2011-08-24,0
2011-08-25,15
2011-08-26,8
2011-08-27,196
2011-08-28,231
2011-08-29,0
2011-08-30,0
2011-08-31,0
2011-09-01,0
2011-09-02,0
2011-09-03,0
2011-09-04,0
2011-09-05,0
2011-09-06,173
2011-09-07,76
2011-09-08,297
2011-09-09,0
2011-09-10,0
2011-09-11,0
2011-09-12,0
2011-09-13,0
2011-09-14,20
2011-09-15,8
2011-09-16,0
2011-09-17,0
2011-09-18,0
2011-09-19,0
2011-09-20,33
2011-09-21,0
2011-09-22,13
2011-09-23,119
2011-09-24,109
2011-09-25,0
2011-09-26,0
2011-09-27,0
2011-09-28,0
2011-09-29,239
2011-09-30,30
2011-10-01,86
2011-10-02,0
2011-10-03,18
2011-10-04,284
2011-10-05,0
2011-10-06,0
2011-10-07,0
2011-10-08,0
2011-10-09,0
2011-10-10,0
2011-10-11,0
2011-10-12,20
2011-10-13,236
2011-10-14,147
2011-10-15,0
2011-10-16,0
2011-10-17,0
2011-10-18,0
2011-10-19,297
2011-10-20,119
2011-10-21,0
2011-10-22,0
2011-10-23,0
2011-10-24,0
2011-10-25,3
2011-10-26,5
2011-10-27,259
2011-10-28,0
2011-10-29,216
2011-10-30,28
2011-10-31,0
2011-11-01,0
2011-11-02,0
2011-11-03,0
2011-11-04,0
2011-11-05,0
2011-11-06,0
2011-11-07,0
2011-11-08,0
2011-11-09,0
2011-11-10,267
2011-11-11,0
2011-11-12,0
2011-11-13,0
2011-11-14,0
2011-11-15,0
2011-11-16,198
2011-11-17,33
2011-11-18,0
2011-11-19,0
2011-11-20,0
2011-11-21,0
2011-11-22,8
2011-11-23,371
2011-11-24,0
2011-11-25,0
2011-11-26,0
2011-11-27,0
2011-11-28,0
2011-11-29,15
2011-11-30,178
2011-12-01,0
2011-12-02,0
2011-12-03,0
2011-12-04,0
2011-12-05,0
2011-12-06,23
2011-12-07,406
2011-12-08,226
2011-12-09,0
2011-12-10,0
2011-12-11,0
2011-12-12,0
2011-12-13,0
2011-12-14,0
2011-12-15,13
2011-12-16,5
2011-12-17,0
2011-12-18,0
2011-12-19,0
2011-12-20,0
2011-12-21,23
2011-12-22,104
2011-12-23,147
2011-12-24,0
2011-12-25,8
2011-12-26,0
2011-12-27,46
2011-12-28,5
2011-12-29,0
2011-12-30,0
2011-12-31,3
2012-02-28,0
2012-02-29,74
2012-03-01,147
2012-03-02,0
2012-03-03,97
2012-03-04,0
2012-03-05,0
2012-03-06,0
2012-03-07,0
2012-03-08,0
2012-03-09,0
2012-03-10,0
2012-03-11,0
2012-03-12,0
2012-03-13,18
2012-03-14,0
2012-03-15,0
2012-03-16,18
2012-03-17,0
2012-03-18,0
2012-03-19,0
2012-03-20,0
2012-03-21,0
2012-03-22,0
2012-03-23,0
2012-03-24,0
2012-03-25,3
2012-03-26,0
2012-03-27,0
2012-03-28,15
2012-03-29,3
2012-03-30,0
2012-03-31,8
2012-04-01,48
2012-04-02,13
2012-04-03,0
2012-04-04,0
2012-04-05,0
2012-04-06,0
2012-04-07,0
2012-04-08,0
2012-04-09,0
2012-04-10,0
2012-04-11,0
2012-04-12,81
2012-04-13,0
2012-04-14,0
2012-04-15,0
2012-04-16,0
2012-04-17,0
2012-04-18,0
2012-04-19,0
2012-04-20,0
2012-04-21,3
2012-04-22,264
2012-04-23,376
2012-04-24,0
2012-04-25,0
2012-04-26,0
2012-04-27,0
2012-04-28,0
2012-04-29,0
2012-04-30,0
2012-05-01,152
2012-05-02,0
2012-05-03,10
2012-05-04,3
2012-05-05,23
2012-05-06,0
2012-05-07,0
2012-05-08,41
2012-05-09,66
2012-05-10,216
2012-05-11,0
2012-05-12,0
2012-05-13,0
2012-05-14,23
2012-05-15,127
2012-05-16,15
2012-05-17,0
2012-05-18,0
2012-05-19,0
2012-05-20,0
2012-05-21,5
2012-05-22,147
2012-05-23,0
2012-05-24,0
2012-05-25,0
2012-05-26,0
2012-05-27,0
2012-05-28,0
2012-05-29,43
2012-05-30,0
2012-05-31,0
2012-06-01,0
2012-06-02,287
2012-06-03,3
2012-06-04,33
2012-06-05,33
2012-06-06,0
2012-06-07,10
2012-06-08,79
2012-06-09,0
2012-06-10,0
2012-06-11,0
2012-06-12,3
2012-06-13,178
2012-06-14,0
2012-06-15,0
2012-06-16,0
2012-06-17,0
2012-06-18,0
2012-06-19,0
2012-06-20,0
2012-06-21,0
2012-06-22,5
2012-06-23,302
2012-06-24,0
2012-06-25,236
2012-06-26,15
2012-06-27,0
2012-06-28,0
2012-06-29,13
2012-06-30,0
2012-07-01,0
2012-07-02,0
2012-07-03,0
2012-07-04,36
2012-07-05,0
2012-07-06,0
2012-07-07,0
2012-07-08,0
2012-07-09,0
2012-07-10,0
2012-07-11,0
2012-07-12,0
2012-07-13,0
2012-07-14,0
2012-07-15,0
2012-07-16,0
2012-07-17,0
2012-07-18,442
2012-07-19,15
2012-07-20,0
2012-07-21,0
2012-07-22,0
2012-07-23,5
2012-07-24,140
2012-07-25,0
2012-07-26,0
2012-07-27,5
2012-07-28,221
2012-07-29,0
2012-07-30,0
2012-07-31,122
2012-08-01,203
2012-08-02,0
2012-08-03,0
2012-08-04,0
2012-08-05,20
2012-08-06,0
2012-08-07,0
2012-08-08,0
2012-08-09,0
2012-08-10,297
2012-08-11,0
2012-08-12,3
2012-08-13,0
2012-08-14,0
2012-08-15,211
2012-08-16,0
2012-08-17,0
2012-08-18,10
2012-08-19,0
2012-08-20,0
2012-08-21,0
2012-08-22,0
2012-08-23,0
2012-08-24,0
2012-08-25,0
2012-08-26,0
2012-08-27,0
2012-08-28,38
2012-08-29,0
2012-08-30,0
2012-08-31,0
2012-09-01,0
2012-09-02,0
2012-09-03,0
2012-09-04,112
2012-09-05,168
2012-09-06,0
2012-09-07,109
2012-09-08,180
2012-09-09,0
2012-09-10,0
2012-09-11,0
2012-09-12,0
2012-09-13,0
2012-09-14,0
2012-09-15,30
2012-09-16,0
2012-09-17,0
2012-09-18,23
2012-09-19,155
2012-09-20,0
2012-09-21,0
2012-09-22,0
2012-09-23,5
2012-09-24,0
2012-09-25,0
2012-09-26,0
2012-09-27,0
2012-09-28,201
2012-09-29,5
2012-09-30,53
2012-10-01,0
2012-10-02,8
2012-10-03,20
2012-10-04,8
2012-10-05,0
2012-10-06,15
2012-10-07,28
2012-10-08,0
2012-10-09,0
2012-10-10,36
2012-10-11,0
2012-10-12,8
2012-10-13,0
2012-10-14,48
2012-10-15,5
2012-10-16,15
2012-10-17,0
2012-10-18,0
2012-10-19,15
2012-10-20,41
2012-10-21,0
2012-10-22,0
2012-10-23,0
2012-10-24,0
2012-10-25,0
2012-10-26,0
2012-10-27,0
2012-10-28,20
2012-10-29,269
2012-10-30,124
2012-10-31,5
2012-11-01,0
2012-11-02,8
2012-11-03,0
2012-11-04,0
2012-11-05,0
2012-11-06,0
2012-11-07,84
2012-11-08,53
2012-11-09,0
2012-11-10,0
2012-11-11,0
2012-11-12,0
2012-11-13,74
2012-11-14,0
2012-11-15,0
2012-11-16,0
2012-11-17,0
2012-11-18,0
2012-11-19,0
2012-11-20,0
2012-11-21,0
2012-11-22,0
2012-11-23,0
2012-11-24,0
2012-11-25,0
2012-11-26,0
2012-11-27,38
2012-11-28,0
2012-11-29,0
2012-11-30,0
2012-12-01,8
2012-12-02,0
2012-12-03,0
2012-12-04,3
2012-12-05,0
2012-12-06,0
2012-12-07,8
2012-12-08,86
2012-12-09,20
2012-12-10,142
2012-12-11,0
2012-12-12,0
2012-12-13,0
2012-12-14,0
2012-12-15,0
2012-12-16,64
2012-12-17,122
2012-12-18,218
2012-12-19,0
2012-12-20,0
2012-12-21,165
2012-12-22,0
2012-12-23,0
2012-12-24,0
2012-12-25,3
2012-12-26,58
2012-12-27,424
2012-12-28,0
2012-12-29,175
2012-12-30,10
2012-12-31,0
2013-02-28,0
2013-03-01,0
2013-03-02,0
2013-03-03,0
2013-03-04,0
2013-03-05,0
2013-03-06,13
2013-03-07,117
2013-03-08,239
2013-03-09,0
2013-03-10,0
2013-03-11,0
2013-03-12,74
2013-03-13,0
2013-03-14,0
2013-03-15,0
2013-03-16,0
2013-03-17,0
2013-03-18,30
2013-03-19,343
2013-03-20,0
2013-03-21,5
2013-03-22,0
2013-03-23,0
2013-03-24,0
2013-03-25,0
2013-03-26,13
2013-03-27,0
2013-03-28,0
2013-03-29,3
2013-03-30,0
2013-03-31,8
2013-04-01,30
2013-04-02,0
2013-04-03,0
2013-04-04,0
2013-04-05,0
2013-04-06,0
2013-04-07,0
2013-04-08,0
2013-04-09,15
2013-04-10,48
2013-04-11,10
2013-04-12,89
2013-04-13,5
2013-04-14,0
2013-04-15,0
2013-04-16,0
2013-04-17,0
2013-04-18,0
2013-04-19,13
2013-04-20,97
2013-04-21,0
2013-04-22,0
2013-04-23,33
2013-04-24,0
2013-04-25,8
2013-04-26,0
2013-04-27,0
2013-04-28,0
2013-04-29,0
2013-04-30,0
2013-05-01,0
2013-05-02,0
2013-05-03,0
2013-05-04,0
2013-05-05,0
2013-05-06,0
2013-05-07,0
2013-05-08,94
2013-05-09,155
2013-05-10,15
2013-05-11,5
2013-05-12,10
2013-05-13,0
2013-05-14,0
2013-05-15,0
2013-05-16,0
2013-05-17,0
2013-05-18,0
2013-05-19,43
2013-05-20,10
2013-05-21,3
2013-05-22,13
2013-05-23,13
2013-05-24,145
2013-05-25,86
2013-05-26,13
2013-05-27,0
2013-05-28,0
2013-05-29,213
2013-05-30,0
2013-05-31,0
2013-06-01,0
2013-06-02,0
2013-06-03,180
2013-06-04,0
2013-06-05,0
2013-06-06,5
2013-06-07,780
2013-06-08,137
2013-06-09,0
2013-06-10,224
2013-06-11,351
2013-06-12,18
2013-06-13,183
2013-06-14,259
2013-06-15,0
2013-06-16,0
2013-06-17,109
2013-06-18,160
2013-06-19,0
2013-06-20,0
2013-06-21,0
2013-06-22,0
2013-06-23,0
2013-06-24,84
2013-06-25,0
2013-06-26,10
2013-06-27,8
2013-06-28,114
2013-06-29,18
2013-06-30,28
2013-07-01,8
2013-07-02,0
2013-07-03,0
2013-07-04,0
2013-07-05,0
2013-07-06,0
2013-07-07,0
2013-07-08,3
2013-07-09,0
2013-07-10,3
2013-07-11,43
2013-07-12,0
2013-07-13,0
2013-07-14,0
2013-07-15,0
2013-07-16,3
2013-07-17,0
2013-07-18,0
2013-07-19,0
2013-07-20,0
2013-07-21,3
2013-07-22,0
2013-07-23,447
2013-07-24,0
2013-07-25,69
2013-07-26,254
2013-07-27,0
2013-07-28,3
2013-07-29,84
2013-07-30,0
2013-07-31,0
2013-08-01,0
2013-08-02,33
2013-08-03,0
2013-08-04,0
2013-08-05,0
2013-08-06,0
2013-08-07,0
2013-08-08,18
2013-08-09,411
2013-08-10,0
2013-08-11,0
2013-08-12,0
2013-08-13,0
2013-08-14,0
2013-08-15,0
2013-08-16,0
2013-08-17,0
2013-08-18,0
2013-08-19,0
2013-08-20,0
2013-08-21,0
2013-08-22,0
2013-08-23,0
2013-08-24,0
2013-08-25,0
2013-08-26,3
2013-08-27,3
2013-08-28,0
2013-08-29,0
2013-08-30,0
2013-08-31,0
2013-09-01,97
2013-09-02,97
2013-09-03,0
2013-09-04,0
2013-09-05,23
2013-09-06,0
2013-09-07,0
2013-09-08,0
2013-09-09,0
2013-09-10,8
2013-09-11,0
2013-09-12,145
2013-09-13,99
2013-09-14,0
2013-09-15,0
2013-09-16,0
2013-09-17,0
2013-09-18,0
2013-09-19,0
2013-09-20,0
2013-09-21,0
2013-09-22,94
2013-09-23,0
2013-09-24,0
2013-09-25,0
2013-09-26,0
2013-09-27,0
2013-09-28,0
2013-09-29,0
2013-09-30,0
2013-10-01,0
2013-10-02,0
2013-10-03,0
2013-10-04,8
2013-10-05,0
2013-10-06,79
2013-10-07,28
2013-10-08,0
2013-10-09,0
2013-10-10,0
2013-10-11,0
2013-10-12,0
2013-10-13,0
2013-10-14,0
2013-10-15,0
2013-10-16,0
2013-10-17,8
2013-10-18,5
2013-10-19,0
2013-10-20,0
2013-10-21,0
2013-10-22,0
2013-10-23,0
2013-10-24,0
2013-10-25,0
2013-10-26,0
2013-10-27,8
2013-10-28,0
2013-10-29,0
2013-10-30,13
2013-10-31,8
2013-11-01,8
2013-11-02,0
2013-11-03,8
2013-11-04,0
2013-11-05,0
2013-11-06,0
2013-11-07,56
2013-11-08,0
2013-11-09,0
2013-11-10,8
2013-11-11,0
2013-11-12,20
2013-11-13,0
2013-11-14,0
2013-11-15,0
2013-11-16,0
2013-11-17,10
2013-11-18,38
2013-11-19,0
2013-11-20,0
2013-11-21,0
2013-11-22,64
2013-11-23,0
2013-11-24,0
2013-11-25,0
2013-11-26,25
2013-11-27,455
2013-11-28,0
2013-11-29,0
2013-11-30,0
2013-12-01,69
2013-12-02,0
2013-12-03,0
2013-12-04,0
2013-12-05,3
2013-12-06,76
2013-12-07,23
2013-12-08,0
2013-12-09,109
2013-12-10,18
2013-12-11,0
2013-12-12,0
2013-12-13,0
2013-12-14,56
2013-12-15,163
2013-12-16,0
2013-12-17,135
2013-12-18,0
2013-12-19,0
2013-12-20,0
2013-12-21,0
2013-12-22,3
2013-12-23,173
2013-12-24,0
2013-12-25,0
2013-12-26,13
2013-12-27,0
2013-12-28,0
2013-12-29,335
2013-12-30,0
2013-12-31,0
2014-02-28,0
2014-03-01,0
2014-03-02,0
2014-03-03,0
2014-03-04,0
2014-03-05,0
2014-03-06,0
2014-03-07,0
2014-03-08,0
2014-03-09,0
2014-03-10,8
2014-03-11,0
2014-03-12,109
2014-03-13,15
2014-03-14,0
2014-03-15,3
2014-03-16,0
2014-03-17,0
2014-03-18,0
2014-03-19,0
2014-03-20,74
2014-03-21,0
2014-03-22,0
2014-03-23,0
2014-03-24,0
2014-03-25,0
2014-03-26,0
2014-03-27,0
2014-03-28,5
2014-03-29,246
2014-03-30,566
2014-03-31,112
2014-04-01,0
2014-04-02,0
2014-04-03,0
2014-04-04,66
2014-04-05,58
2014-04-06,0
2014-04-07,10
2014-04-08,170
2014-04-09,0
2014-04-10,0
2014-04-11,0
2014-04-12,10
2014-04-13,10
2014-04-14,0
2014-04-15,157
2014-04-16,91
2014-04-17,0
2014-04-18,0
2014-04-19,0
2014-04-20,0
2014-04-21,0
2014-04-22,13
2014-04-23,58
2014-04-24,0
2014-04-25,0
2014-04-26,51
2014-04-27,38
2014-04-28,0
2014-04-29,0
2014-04-30,89
2014-05-01,157
2014-05-02,3
2014-05-03,0
2014-05-04,0
2014-05-05,0
2014-05-06,0
2014-05-07,0
2014-05-08,0
2014-05-09,0
2014-05-10,86
2014-05-11,0
2014-05-12,0
2014-05-13,0
2014-05-14,0
2014-05-15,0
2014-05-16,15
2014-05-17,165
2014-05-18,0
2014-05-19,13
2014-05-20,0
2014-05-21,0
2014-05-22,64
2014-05-23,5
2014-05-24,46
2014-05-25,0
2014-05-26,3
2014-05-27,122
2014-05-28,20
2014-05-29,0
2014-05-30,28
2014-05-31,0
2014-06-01,0
2014-06-02,0
2014-06-03,0
2014-06-04,36
2014-06-05,198
2014-06-06,0
2014-06-07,0
2014-06-08,0
2014-06-09,0
2014-06-10,216
2014-06-11,0
2014-06-12,0
2014-06-13,137
2014-06-14,3
2014-06-15,0
2014-06-16,0
2014-06-17,5
2014-06-18,0
2014-06-19,0
2014-06-20,0
2014-06-21,0
2014-06-22,0
2014-06-23,0
2014-06-24,0
2014-06-25,0
2014-06-26,71
2014-06-27,0
2014-06-28,0
2014-06-29,0
2014-06-30,0
2014-07-01,0
2014-07-02,0
2014-07-03,71
2014-07-04,478
2014-07-05,89
2014-07-06,0
2014-07-07,20
2014-07-08,0
2014-07-09,0
2014-07-10,0
2014-07-11,0
2014-07-12,0
2014-07-13,0
2014-07-14,170
2014-07-15,0
2014-07-16,216
2014-07-17,0
2014-07-18,0
2014-07-19,0
2014-07-20,0
2014-07-21,0
2014-07-22,0
2014-07-23,0
2014-07-24,0
2014-07-25,0
2014-07-26,0
2014-07-27,89
2014-07-28,28
2014-07-29,0
2014-07-30,0
2014-07-31,0
2014-08-01,0
2014-08-02,8
2014-08-03,0
2014-08-04,0
2014-08-05,0
2014-08-06,3
2014-08-07,3
2014-08-08,0
2014-08-09,0
2014-08-10,0
2014-08-11,0
2014-08-12,0
2014-08-13,269
2014-08-14,0
2014-08-15,0
2014-08-16,0
2014-08-17,0
2014-08-18,0
2014-08-19,0
2014-08-20,0
2014-08-21,0
2014-08-22,20
2014-08-23,0
2014-08-24,0
2014-08-25,0
2014-08-26,0
2014-08-27,5
2014-08-28,0
2014-08-29,0
2014-08-30,0
2014-08-31,137
2014-09-01,0
2014-09-02,3
2014-09-03,0
2014-09-04,0
2014-09-05,0
2014-09-06,56
2014-09-07,38
2014-09-08,0
2014-09-09,0
2014-09-10,0
2014-09-11,0
2014-09-12,0
2014-09-13,33
2014-09-14,0
2014-09-15,0
2014-09-16,0
2014-09-17,0
2014-09-18,0
2014-09-19,0
2014-09-20,0
2014-09-21,3
2014-09-22,0
2014-09-23,0
2014-09-24,0
2014-09-25,0
2014-09-26,0
2014-09-27,0
2014-09-28,0
2014-09-29,0
2014-09-30,46
2014-10-01,295
2014-10-02,41
2014-10-03,3
2014-10-04,89
2014-10-05,0
2014-10-06,0
2014-10-07,3
2014-10-08,3
2014-10-09,0
2014-10-10,0
2014-10-11,79
2014-10-12,0
2014-10-13,0
2014-10-14,0
2014-10-15,0
2014-10-16,160
2014-10-17,0
2014-10-18,0
2014-10-19,0
2014-10-20,0
2014-10-21,0
2014-10-22,221
2014-10-23,572
2014-10-24,13
2014-10-25,0
2014-10-26,0
2014-10-27,0
2014-10-28,0
2014-10-29,5
2014-10-30,0
2014-10-31,0
2014-11-01,150
2014-11-02,79
2014-11-03,0
2014-11-04,0
2014-11-05,0
2014-11-06,150
2014-11-07,0
2014-11-08,0
2014-11-09,0
2014-11-10,0
2014-11-11,0
2014-11-12,0
2014-11-13,15
2014-11-14,58
2014-11-15,0
2014-11-16,0
2014-11-17,417
2014-11-18,0
2014-11-19,0
2014-11-20,0
2014-11-21,0
2014-11-22,0
2014-11-23,0
2014-11-24,71
2014-11-25,0
2014-11-26,366
2014-11-27,5
2014-11-28,28
2014-11-29,0
2014-11-30,0
2014-12-01,3
2014-12-02,25
2014-12-03,112
2014-12-04,0
2014-12-05,28
2014-12-06,277
2014-12-07,33
2014-12-08,8
2014-12-09,737
2014-12-10,71
2014-12-11,5
2014-12-12,0
2014-12-13,0
2014-12-14,0
2014-12-15,0
2014-12-16,0
2014-12-17,109
2014-12-18,3
2014-12-19,0
2014-12-20,0
2014-12-21,0
2014-12-22,13
2014-12-23,64
2014-12-24,142
2014-12-25,36
2014-12-26,0
2014-12-27,0
2014-12-28,3
2014-12-29,0
2014-12-30,0
2014-12-31,0
2015-02-28,0
2015-03-01,43
2015-03-02,3
2015-03-03,66
2015-03-04,5
2015-03-05,0
2015-03-06,0
2015-03-07,0
2015-03-08,0
2015-03-09,0
2015-03-10,15
2015-03-11,3
2015-03-12,0
2015-03-13,0
2015-03-14,203
2015-03-15,69
2015-03-16,0
2015-03-17,36
2015-03-18,0
2015-03-19,0
2015-03-20,13
2015-03-21,23
2015-03-22,0
2015-03-23,0
2015-03-24,0
2015-03-25,10
2015-03-26,203
2015-03-27,53
2015-03-28,30
2015-03-29,0
2015-03-30,0
2015-03-31,0
2015-04-01,0
2015-04-02,0
2015-04-03,8
2015-04-04,99
2015-04-05,0
2015-04-06,0
2015-04-07,8
2015-04-08,66
2015-04-09,23
2015-04-10,23
2015-04-11,0
2015-04-12,0
2015-04-13,0
2015-04-14,3
2015-04-15,0
2015-04-16,0
2015-04-17,15
2015-04-18,0
2015-04-19,0
2015-04-20,155
2015-04-21,137
2015-04-22,0
2015-04-23,0
2015-04-24,0
2015-04-25,0
2015-04-26,0
2015-04-27,25
2015-04-28,18
2015-04-29,0
2015-04-30,0
2015-05-01,0
2015-05-02,0
2015-05-03,0
2015-05-04,0
2015-05-05,5
2015-05-06,0
2015-05-07,0
2015-05-08,0
2015-05-09,0
2015-05-10,0
2015-05-11,0
2015-05-12,5
2015-05-13,0
2015-05-14,0
2015-05-15,0
2015-05-16,0
2015-05-17,0
2015-05-18,0
2015-05-19,69
2015-05-20,0
2015-05-21,0
2015-05-22,0
2015-05-23,0
2015-05-24,0
2015-05-25,0
2015-05-26,0
2015-05-27,0
2015-05-28,0
2015-05-29,0
2015-05-30,0
2015-05-31,231
2015-06-01,97
2015-06-02,188
2015-06-03,0
2015-06-04,0
2015-06-05,0
2015-06-06,23
2015-06-07,0
2015-06-08,0
2015-06-09,0
2015-06-10,0
2015-06-11,0
2015-06-12,0
2015-06-13,0
2015-06-14,0
2015-06-15,102
2015-06-16,0
2015-06-17,0
2015-06-18,0
2015-06-19,0
2015-06-20,10
2015-06-21,437
2015-06-22,0
2015-06-23,3
2015-06-24,0
2015-06-25,0
2015-06-26,0
2015-06-27,51
2015-06-28,363
2015-06-29,0
2015-06-30,0
2015-07-01,137
2015-07-02,0
2015-07-03,0
2015-07-04,0
2015-07-05,0
2015-07-06,0
2015-07-07,5
2015-07-08,0
2015-07-09,38
2015-07-10,284
2015-07-11,0
2015-07-12,0
2015-07-13,0
2015-07-14,8
2015-07-15,0
2015-07-16,0
2015-07-17,0
2015-07-18,36
2015-07-19,0
2015-07-20,0
2015-07-21,0
2015-07-22,0
2015-07-23,0
2015-07-24,3
2015-07-25,0
2015-07-26,0
2015-07-27,15
2015-07-28,0
2015-07-29,0
2015-07-30,5
2015-07-31,0
2015-08-01,0
2015-08-02,0
2015-08-03,0
2015-08-04,124
2015-08-05,0
2015-08-06,0
2015-08-07,0
2015-08-08,0
2015-08-09,0
2015-08-10,0
2015-08-11,211
2015-08-12,0
2015-08-13,0
2015-08-14,0
2015-08-15,20
2015-08-16,0
2015-08-17,0
2015-08-18,36
2015-08-19,0
2015-08-20,0
2015-08-21,160
2015-08-22,0
2015-08-23,5
2015-08-24,0
2015-08-25,0
2015-08-26,0
2015-08-27,0
2015-08-28,0
2015-08-29,0
2015-08-30,0
2015-08-31,0
2015-09-01,0
2015-09-02,0
2015-09-03,3
2015-09-04,0
2015-09-05,0
2015-09-06,0
2015-09-07,0
2015-09-08,51
2015-09-09,0
2015-09-10,43
2015-09-11,168
2015-09-12,3
2015-09-13,97
2015-09-14,0
2015-09-15,0
2015-09-16,0
2015-09-17,0
2015-09-18,0
2015-09-19,0
2015-09-20,0
2015-09-21,0
2015-09-22,0
2015-09-23,0
2015-09-24,0
2015-09-25,0
2015-09-26,0
2015-09-27,0
2015-09-28,0
2015-09-29,10
2015-09-30,625
2015-10-01,0
2015-10-02,20
2015-10-03,3
2015-10-04,0
2015-10-05,0
2015-10-06,0
2015-10-07,0
2015-10-08,0
2015-10-09,86
2015-10-10,0
2015-10-11,0
2015-10-12,0
2015-10-13,30
2015-10-14,0
2015-10-15,0
2015-10-16,0
2015-10-17,0
2015-10-18,0
2015-10-19,0
2015-10-20,0
2015-10-21,18
2015-10-22,0
2015-10-23,0
2015-10-24,0
2015-10-25,8
2015-10-26,0
2015-10-27,0
2015-10-28,91
2015-10-29,185
2015-10-30,0
2015-10-31,0
2015-11-01,0
2015-11-02,0
2015-11-03,0
2015-11-04,0
2015-11-05,0
2015-11-06,0
2015-11-07,0
2015-11-08,0
2015-11-09,0
2015-11-10,18
2015-11-11,137
2015-11-12,10
2015-11-13,3
2015-11-14,0
2015-11-15,0
2015-11-16,0
2015-11-17,0
2015-11-18,0
2015-11-19,0
2015-11-20,218
2015-11-21,0
2015-11-22,76
2015-11-23,10
2015-11-24,0
2015-11-25,0
2015-11-26,0
2015-11-27,0
2015-11-28,53
2015-11-29,0
2015-11-30,0
2015-12-01,36
2015-12-02,81
2015-12-03,0
2015-12-04,0
2015-12-05,0
2015-12-06,0
2015-12-07,0
2015-12-08,0
2015-12-09,0
2015-12-10,0
2015-12-11,0
2015-12-12,0
2015-12-13,0
2015-12-14,107
2015-12-15,48
2015-12-16,0
2015-12-17,140
2015-12-18,10
2015-12-19,0
2015-12-20,0
2015-12-21,0
2015-12-22,58
2015-12-23,193
2015-12-24,61
2015-12-25,0
2015-12-26,0
2015-12-27,66
2015-12-28,0
2015-12-29,259
2015-12-30,8
2015-12-31,20
2016-02-28,0
2016-02-29,0
2016-03-01,0
2016-03-02,94
2016-03-03,0
2016-03-04,3
2016-03-05,0
2016-03-06,0
2016-03-07,0
2016-03-08,0
2016-03-09,0
2016-03-10,102
2016-03-11,23
2016-03-12,0
2016-03-13,0
2016-03-14,53
2016-03-15,290
2016-03-16,8
2016-03-17,18
2016-03-18,8
2016-03-19,0
2016-03-20,5
2016-03-21,56
2016-03-22,0
2016-03-23,0
2016-03-24,0
2016-03-25,41
2016-03-26,0
2016-03-27,0
2016-03-28,104
2016-03-29,0
2016-03-30,0
2016-03-31,0
2016-04-01,13
2016-04-02,81
2016-04-03,124
2016-04-04,104
2016-04-05,0
2016-04-06,0
2016-04-07,262
2016-04-08,0
2016-04-09,0
2016-04-10,0
2016-04-11,3
2016-04-12,56
2016-04-13,0
2016-04-14,0
2016-04-15,0
2016-04-16,0
2016-04-17,0
2016-04-18,0
2016-04-19,5
2016-04-20,0
2016-04-21,0
2016-04-22,0
2016-04-23,23
2016-04-24,0
2016-04-25,0
2016-04-26,69
2016-04-27,0
2016-04-28,0
2016-04-29,0
2016-04-30,0
2016-05-01,25
2016-05-02,99
2016-05-03,25
2016-05-04,122
2016-05-05,38
2016-05-06,23
2016-05-07,0
2016-05-08,5
2016-05-09,0
2016-05-10,0
2016-05-11,0
2016-05-12,0
2016-05-13,28
2016-05-14,0
2016-05-15,0
2016-05-16,0
2016-05-17,0
2016-05-18,0
2016-05-19,0
2016-05-20,0
2016-05-21,0
2016-05-22,0
2016-05-23,0
2016-05-24,66
2016-05-25,0
2016-05-26,0
2016-05-27,0
2016-05-28,0
2016-05-29,0
2016-05-30,287
2016-05-31,0
2016-06-01,0
2016-06-02,0
2016-06-03,0
2016-06-04,0
2016-06-05,231
2016-06-06,0
2016-06-07,38
2016-06-08,0
2016-06-09,0
2016-06-10,0
2016-06-11,5
2016-06-12,0
2016-06-13,0
2016-06-14,0
2016-06-15,0
2016-06-16,0
2016-06-17,30
2016-06-18,0
2016-06-19,0
2016-06-20,0
2016-06-21,5
2016-06-22,0
2016-06-23,0
2016-06-24,0
2016-06-25,0
2016-06-26,0
2016-06-27,0
2016-06-28,20
2016-06-29,8
2016-06-30,0
2016-07-01,51
2016-07-02,0
2016-07-03,0
2016-07-04,0
2016-07-05,58
2016-07-06,0
2016-07-07,0
2016-07-08,5
2016-07-09,28
2016-07-10,23
2016-07-11,0
2016-07-12,0
2016-07-13,0
2016-07-14,0
2016-07-15,0
2016-07-16,0
2016-07-17,0
2016-07-18,3
2016-07-19,0
2016-07-20,0
2016-07-21,0
2016-07-22,0
2016-07-23,0
2016-07-24,0
2016-07-25,0
2016-07-26,0
2016-07-27,0
2016-07-28,0
2016-07-29,15
2016-07-30,0
2016-07-31,38
2016-08-01,0
2016-08-02,10
2016-08-03,0
2016-08-04,0
2016-08-05,0
2016-08-06,5
2016-08-07,0
2016-08-08,0
2016-08-09,0
2016-08-10,58
2016-08-11,0
2016-08-12,3
2016-08-13,86
2016-08-14,46
2016-08-15,0
2016-08-16,0
2016-08-17,0
2016-08-18,0
2016-08-19,0
2016-08-20,0
2016-08-21,3
2016-08-22,226
2016-08-23,0
2016-08-24,0
2016-08-25,0
2016-08-26,0
2016-08-27,0
2016-08-28,0
2016-08-29,0
2016-08-30,0
2016-08-31,0
2016-09-01,5
2016-09-02,0
2016-09-03,0
2016-09-04,0
2016-09-05,18
2016-09-06,36
2016-09-07,8
2016-09-08,0
2016-09-09,0
2016-09-10,3
2016-09-11,8
2016-09-12,0
2016-09-13,0
2016-09-14,15
2016-09-15,0
2016-09-16,0
2016-09-17,0
2016-09-18,0
2016-09-19,84
2016-09-20,0
2016-09-21,0
2016-09-22,0
2016-09-23,86
2016-09-24,0
2016-09-25,0
2016-09-26,0
2016-09-27,56
2016-09-28,0
2016-09-29,0
2016-09-30,33
2016-10-01,180
2016-10-02,8
2016-10-03,0
2016-10-04,0
2016-10-05,0
2016-10-06,0
2016-10-07,0
2016-10-08,3
2016-10-09,467
2016-10-10,0
2016-10-11,0
2016-10-12,0
2016-10-13,0
2016-10-14,0
2016-10-15,0
2016-10-16,0
2016-10-17,0
2016-10-18,36
2016-10-19,0
2016-10-20,20
2016-10-21,282
2016-10-22,38
2016-10-23,0
2016-10-24,0
2016-10-25,0
2016-10-26,0
2016-10-27,165
2016-10-28,155
2016-10-29,0
2016-10-30,33
2016-10-31,0
2016-11-01,0
2016-11-02,0
2016-11-03,20
2016-11-04,0
2016-11-05,0
2016-11-06,23
2016-11-07,0
2016-11-08,0
2016-11-09,3
2016-11-10,0
2016-11-11,0
2016-11-12,0
2016-11-13,0
2016-11-14,0
2016-11-15,251
2016-11-16,8
2016-11-17,0
2016-11-18,0
2016-11-19,0
2016-11-20,20
2016-11-21,0
2016-11-22,0
2016-11-23,0
2016-11-24,13
2016-11-25,8
2016-11-26,0
2016-11-27,0
2016-11-28,0
2016-11-29,109
2016-11-30,231
2016-12-01,79
2016-12-02,0
2016-12-03,0
2016-12-04,0
2016-12-05,36
2016-12-06,0
2016-12-07,20
2016-12-08,0
2016-12-09,0
2016-12-10,0
2016-12-11,5
2016-12-12,107
2016-12-13,0
2016-12-14,0
2016-12-15,0
2016-12-16,0
2016-12-17,135
2016-12-18,28
2016-12-19,0
2016-12-20,0
2016-12-21,0
2016-12-22,5
2016-12-23,0
2016-12-24,97
2016-12-25,0
2016-12-26,3
2016-12-27,0
2016-12-28,0
2016-12-29,295
2016-12-30,0
2016-12-31,18
2017-02-28,0
2017-03-01,5
2017-03-02,0
2017-03-03,0
2017-03-04,0
2017-03-05,0
2017-03-06,0
2017-03-07,5
2017-03-08,13
2017-03-09,0
2017-03-10,51
2017-03-11,5
2017-03-12,0
2017-03-13,0
2017-03-14,411
2017-03-15,0
2017-03-16,0
2017-03-17,0
2017-03-18,0
2017-03-19,3
2017-03-20,0
2017-03-21,0
2017-03-22,0
2017-03-23,0
2017-03-24,8
2017-03-25,20
2017-03-26,0
2017-03-27,122
2017-03-28,183
2017-03-29,15
2017-03-30,0
2017-03-31,221
2017-04-01,396
2017-04-02,0
2017-04-03,0
2017-04-04,173
2017-04-05,0
2017-04-06,345
2017-04-07,0
2017-04-08,0
2017-04-09,0
2017-04-10,0
2017-04-11,0
2017-04-12,5
2017-04-13,0
2017-04-14,0
2017-04-15,0
2017-04-16,0
2017-04-17,0
2017-04-18,0
2017-04-19,18
2017-04-20,3
2017-04-21,130
2017-04-22,13
2017-04-23,0
2017-04-24,0
2017-04-25,226
2017-04-26,142
2017-04-27,0
2017-04-28,3
2017-04-29,0
2017-04-30,3
2017-05-01,0
2017-05-02,48
2017-05-03,0
2017-05-04,0
2017-05-05,163
2017-05-06,25
2017-05-07,0
2017-05-08,0
2017-05-09,0
2017-05-10,0
2017-05-11,0
2017-05-12,3
2017-05-13,5
2017-05-14,241
2017-05-15,18
2017-05-16,0
2017-05-17,0
2017-05-18,13
2017-05-19,3
2017-05-20,0
2017-05-21,0
2017-05-22,30
2017-05-23,0
2017-05-24,0
2017-05-25,160
2017-05-26,140
2017-05-27,0
2017-05-28,0
2017-05-29,13
2017-05-30,0
2017-05-31,15
2017-06-01,41
2017-06-02,3
2017-06-03,0
2017-06-04,46
2017-06-05,150
2017-06-06,203
2017-06-07,10
2017-06-08,0
2017-06-09,0
2017-06-10,0
2017-06-11,0
2017-06-12,0
2017-06-13,135
2017-06-14,0
2017-06-15,0
2017-06-16,541
2017-06-17,5
2017-06-18,0
2017-06-19,8
2017-06-20,33
2017-06-21,0
2017-06-22,0
2017-06-23,0
2017-06-24,20
2017-06-25,0
2017-06-26,0
2017-06-27,20
2017-06-28,0
2017-06-29,0
2017-06-30,18
2017-07-01,28
2017-07-02,0
2017-07-03,0
2017-07-04,0
2017-07-05,0
2017-07-06,0
2017-07-07,76
2017-07-08,102
2017-07-09,0
2017-07-10,0
2017-07-11,43
2017-07-12,338
2017-07-13,36
2017-07-14,0
2017-07-15,0
2017-07-16,0
2017-07-17,0
2017-07-18,30
2017-07-19,0
2017-07-20,0
2017-07-21,0
2017-07-22,0
2017-07-23,0
2017-07-24,358
2017-07-25,3
2017-07-26,0
2017-07-27,10
2017-07-28,0
2017-07-29,0
2017-07-30,0
2017-07-31,0
2017-08-01,0
2017-08-02,244
2017-08-03,0
2017-08-04,0
2017-08-05,41
2017-08-06,0
2017-08-07,0
2017-08-08,0
2017-08-09,0
2017-08-10,0
2017-08-11,0
2017-08-12,25
2017-08-13,0
2017-08-14,0
2017-08-15,0
2017-08-16,0
2017-08-17,0
2017-08-18,61
2017-08-19,3
2017-08-20,0
2017-08-21,0
2017-08-22,0
2017-08-23,10
2017-08-24,0
2017-08-25,0
2017-08-26,0
2017-08-27,0
2017-08-28,0
2017-08-29,0
2017-08-30,18
2017-08-31,0
2017-09-01,0
2017-09-02,0
2017-09-03,71
2017-09-04,0
2017-09-05,0
2017-09-06,56
2017-09-07,152
2017-09-08,0
2017-09-09,3
2017-09-10,0
2017-09-11,0
2017-09-12,0
2017-09-13,8
2017-09-14,84
2017-09-15,53
2017-09-16,0
2017-09-17,0
2017-09-18,0
2017-09-19,10
2017-09-20,69
2017-09-21,0
2017-09-22,41
2017-09-23,8
2017-09-24,0
2017-09-25,0
2017-09-26,0
2017-09-27,0
2017-09-28,0
2017-09-29,0
2017-09-30,394
2017-10-01,0
2017-10-02,0
2017-10-03,0
2017-10-04,0
2017-10-05,0
2017-10-06,0
2017-10-07,0
2017-10-08,28
2017-10-09,69
2017-10-10,0
2017-10-11,3
2017-10-12,0
2017-10-13,0
2017-10-14,25
2017-10-15,0
2017-10-16,0
2017-10-17,0
2017-10-18,0
2017-10-19,0
2017-10-20,0
2017-10-21,0
2017-10-22,0
2017-10-23,0
2017-10-24,18
2017-10-25,328
2017-10-26,89
2017-10-27,0
2017-10-28,0
2017-10-29,254
2017-10-30,239
2017-10-31,0
2017-11-01,0
2017-11-02,0
2017-11-03,3
2017-11-04,0
2017-11-05,0
2017-11-06,20
2017-11-07,33
2017-11-08,8
2017-11-09,0
2017-11-10,5
2017-11-11,0
2017-11-12,0
2017-11-13,33
2017-11-14,0
2017-11-15,0
2017-11-16,48
2017-11-17,0
2017-11-18,23
2017-11-19,58
2017-11-20,0
2017-11-21,0
2017-11-22,226
2017-11-23,0
2017-11-24,0
2017-11-25,0
2017-11-26,0
2017-11-27,0
2017-11-28,0
2017-11-29,0
2017-11-30,0
2017-12-01,23
2017-12-02,0
2017-12-03,0
2017-12-04,0
2017-12-05,20
2017-12-06,117
2017-12-07,0
2017-12-08,0
2017-12-09,168
2017-12-10,8
2017-12-11,0
2017-12-12,10
2017-12-13,0
2017-12-14,0
2017-12-15,0
2017-12-16,0
2017-12-17,0
2017-12-18,0
2017-12-19,0
2017-12-20,0
2017-12-21,0
2017-12-22,25
2017-12-23,147
2017-12-24,0
2017-12-25,112
2017-12-26,0
2017-12-27,0
2017-12-28,0
2017-12-29,0
2017-12-30,3
2017-12-31,0
2018-02-28,3
2018-03-01,0
2018-03-02,584
2018-03-03,0
2018-03-04,0
2018-03-05,13
2018-03-06,0
2018-03-07,140
2018-03-08,180
2018-03-09,0
2018-03-10,0
2018-03-11,0
2018-03-12,0
2018-03-13,292
2018-03-14,8
2018-03-15,3
2018-03-16,0
2018-03-17,0
2018-03-18,0
2018-03-19,0
2018-03-20,0
2018-03-21,0
2018-03-22,23
2018-03-23,0
2018-03-24,3
2018-03-25,18
2018-03-26,0
2018-03-27,0
2018-03-28,3
2018-03-29,3
2018-03-30,20
2018-03-31,0
2018-04-01,0
2018-04-02,28
2018-04-03,119
2018-04-04,51
2018-04-05,0
2018-04-06,53
2018-04-07,3
2018-04-08,0
2018-04-09,0
2018-04-10,0
2018-04-11,0
2018-04-12,15
2018-04-13,0
2018-04-14,0
2018-04-15,10
2018-04-16,399
2018-04-17,0
2018-04-18,0
2018-04-19,58
2018-04-20,0
2018-04-21,0
2018-04-22,0
2018-04-23,0
2018-04-24,0
2018-04-25,183
2018-04-26,53
2018-04-27,137
2018-04-28,0
2018-04-29,13
2018-04-30,51
2018-05-01,0
2018-05-02,0
2018-05-03,23
2018-05-04,0
2018-05-05,0
2018-05-06,48
2018-05-07,0
2018-05-08,0
2018-05-09,0
2018-05-10,0
2018-05-11,0
2018-05-12,53
2018-05-13,0
2018-05-14,0
2018-05-15,254
2018-05-16,0
2018-05-17,0
2018-05-18,0
2018-05-19,51
2018-05-20,20
2018-05-21,0
2018-05-22,8
2018-05-23,5
2018-05-24,0
2018-05-25,0
2018-05-26,0
2018-05-27,5
2018-05-28,15
2018-05-29,0
2018-05-30,0
2018-05-31,0
2018-06-01,3
2018-06-02,3
2018-06-03,0
2018-06-04,157
2018-06-05,86
2018-06-06,0
2018-06-07,0
2018-06-08,0
2018-06-09,0
2018-06-10,0
2018-06-11,0
2018-06-12,0
2018-06-13,0
2018-06-14,0
2018-06-15,0
2018-06-16,0
2018-06-17,0
2018-06-18,33
2018-06-19,3
2018-06-20,0
2018-06-21,0
2018-06-22,0
2018-06-23,0
2018-06-24,66
2018-06-25,84
2018-06-26,0
2018-06-27,23
2018-06-28,295
2018-06-29,0
2018-06-30,0
2018-07-01,0
2018-07-02,0
2018-07-03,3
2018-07-04,0
2018-07-05,0
2018-07-06,89
2018-07-07,0
2018-07-08,0
2018-07-09,0
2018-07-10,0
2018-07-11,48
2018-07-12,0
2018-07-13,0
2018-07-14,79
2018-07-15,3
2018-07-16,0
2018-07-17,681
2018-07-18,15
2018-07-19,0
2018-07-20,0
2018-07-21,0
2018-07-22,43
2018-07-23,8
2018-07-24,0
2018-07-25,36
2018-07-26,152
2018-07-27,0
2018-07-28,0
2018-07-29,0
2018-07-30,0
2018-07-31,0
2018-08-01,0
2018-08-02,0
2018-08-03,15
2018-08-04,163
2018-08-05,0
2018-08-06,0
2018-08-07,0
2018-08-08,249
2018-08-09,15
2018-08-10,0
2018-08-11,99
2018-08-12,351
2018-08-13,74
2018-08-14,3
2018-08-15,0
2018-08-16,0
2018-08-17,51
2018-08-18,33
2018-08-19,3
2018-08-20,0
2018-08-21,0
2018-08-22,127
2018-08-23,0
2018-08-24,0
2018-08-25,0
2018-08-26,0
2018-08-27,0
2018-08-28,0
2018-08-29,0
2018-08-30,0
2018-08-31,0
2018-09-01,0
2018-09-02,0
2018-09-03,0
2018-09-04,0
2018-09-05,0
2018-09-06,8
2018-09-07,0
2018-09-08,0
2018-09-09,0
2018-09-10,193
2018-09-11,135
2018-09-12,66
2018-09-13,112
2018-09-14,0
2018-09-15,0
2018-09-16,0
2018-09-17,0
2018-09-18,292
2018-09-19,0
2018-09-20,0
2018-09-21,0
2018-09-22,8
2018-09-23,0
2018-09-24,0
2018-09-25,315
2018-09-26,71
2018-09-27,13
2018-09-28,89
2018-09-29,0
2018-09-30,0
2018-10-01,15
2018-10-02,74
2018-10-03,53
2018-10-04,0
2018-10-05,0
2018-10-06,0
2018-10-07,25
2018-10-08,0
2018-10-09,0
2018-10-10,0
2018-10-11,152
2018-10-12,23
2018-10-13,33
2018-10-14,0
2018-10-15,18
2018-10-16,8
2018-10-17,0
2018-10-18,0
2018-10-19,0
2018-10-20,0
2018-10-21,8
2018-10-22,0
2018-10-23,104
2018-10-24,10
2018-10-25,0
2018-10-26,0
2018-10-27,297
2018-10-28,8
2018-10-29,132
2018-10-30,0
2018-10-31,0
2018-11-01,3
2018-11-02,91
2018-11-03,353
2018-11-04,0
2018-11-05,91
2018-11-06,198
2018-11-07,0
2018-11-08,0
2018-11-09,279
2018-11-10,114
2018-11-11,0
2018-11-12,0
2018-11-13,279
2018-11-14,0
2018-11-15,117
2018-11-16,145
2018-11-17,0
2018-11-18,0
2018-11-19,43
2018-11-20,102
2018-11-21,0
2018-11-22,0
2018-11-23,0
2018-11-24,0
2018-11-25,198
2018-11-26,221
2018-11-27,117
2018-11-28,0
2018-11-29,0
2018-11-30,0
2018-12-01,0
2018-12-02,191
2018-12-03,0
2018-12-04,0
2018-12-05,0
2018-12-06,0
2018-12-07,0
2018-12-08,0
2018-12-09,0
2018-12-10,0
2018-12-11,0
2018-12-12,0
2018-12-13,0
2018-12-14,0
2018-12-15,0
2018-12-16,137
2018-12-17,10
2018-12-18,5
2018-12-19,0
2018-12-20,0
2018-12-21,155
2018-12-22,5
2018-12-23,0
2018-12-24,0
2018-12-25,0
2018-12-26,0
2018-12-27,0
2018-12-28,84
2018-12-29,0
2018-12-30,0
2018-12-31,104
2019-02-28,38
2019-03-01,0
2019-03-02,46
2019-03-03,23
2019-03-04,246
2019-03-05,0
2019-03-06,0
2019-03-07,0
2019-03-08,0
2019-03-09,0
2019-03-10,117
2019-03-11,0
2019-03-12,0
2019-03-13,0
2019-03-14,0
2019-03-15,51
2019-03-16,0
2019-03-17,0
2019-03-18,0
2019-03-19,0
2019-03-20,0
2019-03-21,0
2019-03-22,224
2019-03-23,10
2019-03-24,0
2019-03-25,0
2019-03-26,0
2019-03-27,0
2019-03-28,3
2019-03-29,8
2019-03-30,0
2019-03-31,23
2019-04-01,0
2019-04-02,13
2019-04-03,102
2019-04-04,0
2019-04-05,33
2019-04-06,23
2019-04-07,0
2019-04-08,79
2019-04-09,15
2019-04-10,3
2019-04-11,0
2019-04-12,28
2019-04-13,71
2019-04-14,10
2019-04-15,183
2019-04-16,0
2019-04-17,0
2019-04-18,0
2019-04-19,5
2019-04-20,43
2019-04-21,8
2019-04-22,584
2019-04-23,53
2019-04-24,10
2019-04-25,0
2019-04-26,188
2019-04-27,168
2019-04-28,3
2019-04-29,0
2019-04-30,36
2019-05-01,0
2019-05-02,15
2019-05-03,28
2019-05-04,36
2019-05-05,3
2019-05-06,0
2019-05-07,20
2019-05-08,0
2019-05-09,0
2019-05-10,3
2019-05-11,0
2019-05-12,99
2019-05-13,208
2019-05-14,38
2019-05-15,3
2019-05-16,0
2019-05-17,61
2019-05-18,0
2019-05-19,56
2019-05-20,33
2019-05-21,0
2019-05-22,0
2019-05-23,30
2019-05-24,0
2019-05-25,8
2019-05-26,58
2019-05-27,0
2019-05-28,76
2019-05-29,0
2019-05-30,58
2019-05-31,18
2019-06-01,0
2019-06-02,10
2019-06-03,10
2019-06-04,0
2019-06-05,13
2019-06-06,3
2019-06-07,0
2019-06-08,0
2019-06-09,0
2019-06-10,36
2019-06-11,135
2019-06-12,0
2019-06-13,160
2019-06-14,0
2019-06-15,0
2019-06-16,28
2019-06-17,0
2019-06-18,25
2019-06-19,0
2019-06-20,94
2019-06-21,302
2019-06-22,0
2019-06-23,0
2019-06-24,0
2019-06-25,33
2019-06-26,0
2019-06-27,0
2019-06-28,0
2019-06-29,419
2019-06-30,41
2019-07-01,0
2019-07-02,0
2019-07-03,0
2019-07-04,0
2019-07-05,0
2019-07-06,348
2019-07-07,0
2019-07-08,0
2019-07-09,0
2019-07-10,0
2019-07-11,5
2019-07-12,206
2019-07-13,0
2019-07-14,0
2019-07-15,0
2019-07-16,0
2019-07-17,109
2019-07-18,10
2019-07-19,0
2019-07-20,0
2019-07-21,0
2019-07-22,216
2019-07-23,262
2019-07-24,0
2019-07-25,0
2019-07-26,0
2019-07-27,0
2019-07-28,0
2019-07-29,3
2019-07-30,0
2019-07-31,318
2019-08-01,0
2019-08-02,0
2019-08-03,0
2019-08-04,0
2019-08-05,0
2019-08-06,0
2019-08-07,483
2019-08-08,97
2019-08-09,0
2019-08-10,0
2019-08-11,0
2019-08-12,0
2019-08-13,0
2019-08-14,0
2019-08-15,0
2019-08-16,0
2019-08-17,0
2019-08-18,41
2019-08-19,3
2019-08-20,0
2019-08-21,20
2019-08-22,0
2019-08-23,0
2019-08-24,0
2019-08-25,0
2019-08-26,0
2019-08-27,0
2019-08-28,165
2019-08-29,76
2019-08-30,0
2019-08-31,0
2019-09-01,0
2019-09-02,282
2019-09-03,0
2019-09-04,84
2019-09-05,0
2019-09-06,0
2019-09-07,8
2019-09-08,0
2019-09-09,0
2019-09-10,0
2019-09-11,0
2019-09-12,18
2019-09-13,0
2019-09-14,53
2019-09-15,0
2019-09-16,0
2019-09-17,0
2019-09-18,0
2019-09-19,0
2019-09-20,0
2019-09-21,0
2019-09-22,0
2019-09-23,33
2019-09-24,3
2019-09-25,0
2019-09-26,69
2019-09-27,0
2019-09-28,0
2019-09-29,0
2019-09-30,0
2019-10-01,13
2019-10-02,56
2019-10-03,5
2019-10-04,23
2019-10-05,0
2019-10-06,0
2019-10-07,41
2019-10-08,3
2019-10-09,18
2019-10-10,5
2019-10-11,84
2019-10-12,3
2019-10-13,0
2019-10-14,0
2019-10-15,0
2019-10-16,135
2019-10-17,170
2019-10-18,0
2019-10-19,0
2019-10-20,0
2019-10-21,0
2019-10-22,41
2019-10-23,107
2019-10-24,0
2019-10-25,3
2019-10-26,0
2019-10-27,363
2019-10-28,15
2019-10-29,8
2019-10-30,23
2019-10-31,18
2019-11-01,3
2019-11-02,0
2019-11-03,0
2019-11-04,0
2019-11-05,102
2019-11-06,0
2019-11-07,58
2019-11-08,0
2019-11-09,0
2019-11-10,0
2019-11-11,0
2019-11-12,20
2019-11-13,0
2019-11-14,0
2019-11-15,0
2019-11-16,0
2019-11-17,0
2019-11-18,61
2019-11-19,61
2019-11-20,58
2019-11-21,0
2019-11-22,23
2019-11-23,0
2019-11-24,384
2019-11-25,0
2019-11-26,0
2019-11-27,51
2019-11-28,36
2019-11-29,0
2019-11-30,0
2019-12-01,157
2019-12-02,109
2019-12-03,97
2019-12-04,0
2019-12-05,0
2019-12-06,10
2019-12-07,0
2019-12-08,0
2019-12-09,140
2019-12-10,48
2019-12-11,53
2019-12-12,0
2019-12-13,25
2019-12-14,318
2019-12-15,0
2019-12-16,0
2019-12-17,165
2019-12-18,0
2019-12-19,0
2019-12-20,0
2019-12-21,0
2019-12-22,0
2019-12-23,0
2019-12-24,0
2019-12-25,0
2019-12-26,0
2019-12-27,3
2019-12-28,0
2019-12-29,20
2019-12-30,328
2019-12-31,69
2020-02-28,0
2020-02-29,0
2020-03-01,0
2020-03-02,0
2020-03-03,8
2020-03-04,8
2020-03-05,0
2020-03-06,0
2020-03-07,0
2020-03-08,0
2020-03-09,0
2020-03-10,0
2020-03-11,0
2020-03-12,0
2020-03-13,74
2020-03-14,0
2020-03-15,0
2020-03-16,0
2020-03-17,8
2020-03-18,0
2020-03-19,142
2020-03-20,5
2020-03-21,0
2020-03-22,0
2020-03-23,351
2020-03-24,89
2020-03-25,0
2020-03-26,0
2020-03-27,3
2020-03-28,20
2020-03-29,188
2020-03-30,20
2020-03-31,0
2020-04-01,0
2020-04-02,33
2020-04-03,211
2020-04-04,10
2020-04-05,0
2020-04-06,0
2020-04-07,0
2020-04-08,18
2020-04-09,163
2020-04-10,3
2020-04-11,0
2020-04-12,0
2020-04-13,142
2020-04-14,0
2020-04-15,0
2020-04-16,0
2020-04-17,3
2020-04-18,170
2020-04-19,0
2020-04-20,0
2020-04-21,84
2020-04-22,0
2020-04-23,0
2020-04-24,53
2020-04-25,0
2020-04-26,56
2020-04-27,152
2020-04-28,3
2020-04-29,0
2020-04-30,0
2020-05-01,201
2020-05-02,3
2020-05-03,0
2020-05-04,0
2020-05-05,0
2020-05-06,3
2020-05-07,0
2020-05-08,64
2020-05-09,30
2020-05-10,0
2020-05-11,58
2020-05-12,0
2020-05-13,0
2020-05-14,0
2020-05-15,170
2020-05-16,10
2020-05-17,0
2020-05-18,0
2020-05-19,0
2020-05-20,0
2020-05-21,0
2020-05-22,0
2020-05-23,0
2020-05-24,0
2020-05-25,0
2020-05-26,0
2020-05-27,0
2020-05-28,0
2020-05-29,0
2020-05-30,23
2020-05-31,0
2020-06-01,0
2020-06-02,5
2020-06-03,3
2020-06-04,0
2020-06-05,41
2020-06-06,36
2020-06-07,0
2020-06-08,0
2020-06-09,0
2020-06-10,0
2020-06-11,188
2020-06-12,0
2020-06-13,0
2020-06-14,0
2020-06-15,0
2020-06-16,0
2020-06-17,0
2020-06-18,0
2020-06-19,0
2020-06-20,0
2020-06-21,0
2020-06-22,0
2020-06-23,0
2020-06-24,3
2020-06-25,0
2020-06-26,0
2020-06-27,5
2020-06-28,302
2020-06-29,48
2020-06-30,46
2020-07-01,18
2020-07-02,0
2020-07-03,0
2020-07-04,0
2020-07-05,28
2020-07-06,0
2020-07-07,0
2020-07-08,0
2020-07-09,0
2020-07-10,0
2020-07-11,3
2020-07-12,0
2020-07-13,18
2020-07-14,157
2020-07-15,18
2020-07-16,0
2020-07-17,28
2020-07-18,0
2020-07-19,0
2020-07-20,0
2020-07-21,0
2020-07-22,81
2020-07-23,145
2020-07-24,0
2020-07-25,0
2020-07-26,0
2020-07-27,0
2020-07-28,0
2020-07-29,0
2020-07-30,0
2020-07-31,0
2020-08-01,0
2020-08-02,18
2020-08-03,0
2020-08-04,43
2020-08-05,0
2020-08-06,0
2020-08-07,0
2020-08-08,0
2020-08-09,0
2020-08-10,0
2020-08-11,0
2020-08-12,0
2020-08-13,0
2020-08-14,0
2020-08-15,0
2020-08-16,41
2020-08-17,20
2020-08-18,41
2020-08-19,15
2020-08-20,0
2020-08-21,0
2020-08-22,0
2020-08-23,338
2020-08-24,0
2020-08-25,0
2020-08-26,0
2020-08-27,46
2020-08-28,0
2020-08-29,18
2020-08-30,0
2020-08-31,0
2020-09-01,0
2020-09-02,51
2020-09-03,3
2020-09-04,0
2020-09-05,0
2020-09-06,0
2020-09-07,0
2020-09-08,0
2020-09-09,0
2020-09-10,64
2020-09-11,0
2020-09-12,0
2020-09-13,0
2020-09-14,0
2020-09-15,0
2020-09-16,0
2020-09-17,0
2020-09-18,0
2020-09-19,0
2020-09-20,0
2020-09-21,0
2020-09-22,0
2020-09-23,0
2020-09-24,0
2020-09-25,0
2020-09-26,0
2020-09-27,0
2020-09-28,13
2020-09-29,0
2020-09-30,117
2020-10-01,0
2020-10-02,5
2020-10-03,0
2020-10-04,0
2020-10-05,0
2020-10-06,0
2020-10-07,5
2020-10-08,0
2020-10-09,0
2020-10-10,0
2020-10-11,0
2020-10-12,0
2020-10-13,381
2020-10-14,0
2020-10-15,0
2020-10-16,196
2020-10-17,295
2020-10-18,0
2020-10-19,0
2020-10-20,0
2020-10-21,15
2020-10-22,0
2020-10-23,0
2020-10-24,0
2020-10-25,0
2020-10-26,3
2020-10-27,0
2020-10-28,69
2020-10-29,231
2020-10-30,66
2020-10-31,0
2020-11-01,157
2020-11-02,0
2020-11-03,0
2020-11-04,0
2020-11-05,0
2020-11-06,0
2020-11-07,0
2020-11-08,0
2020-11-09,0
2020-11-10,0
2020-11-11,3
2020-11-12,0
2020-11-13,56
2020-11-14,0
2020-11-15,86
2020-11-16,13
2020-11-17,0
2020-11-18,0
2020-11-19,0
2020-11-20,0
2020-11-21,0
2020-11-22,0
2020-11-23,460
2020-11-24,0
2020-11-25,3
2020-11-26,74
2020-11-27,0
2020-11-28,0
2020-11-29,0
2020-11-30,216
2020-12-01,104
2020-12-02,0
2020-12-03,0
2020-12-04,5
2020-12-05,437
2020-12-06,0
2020-12-07,0
2020-12-08,0
2020-12-09,0
2020-12-10,0
2020-12-11,0
2020-12-12,127
2020-12-13,0
2020-12-14,15
2020-12-15,0
2020-12-16,10
2020-12-17,330
2020-12-18,0
2020-12-19,0
2020-12-20,8
2020-12-21,0
2020-12-22,0
2020-12-23,0
2020-12-24,0
2020-12-25,378
2020-12-26,0
2020-12-27,0
2020-12-28,0
2020-12-29,0
2020-12-30,0
2020-12-31,25
2021-02-28,5
2021-03-01,46
2021-03-02,0
2021-03-03,0
2021-03-04,0
2021-03-05,0
2021-03-06,0
2021-03-07,0
2021-03-08,0
2021-03-09,0
2021-03-10,0
2021-03-11,0
2021-03-12,0
2021-03-13,0
2021-03-14,0
2021-03-15,0
2021-03-16,0
2021-03-17,0
2021-03-18,168
2021-03-19,0
2021-03-20,0
2021-03-21,0
2021-03-22,0
2021-03-23,0
2021-03-24,0
2021-03-25,38
2021-03-26,3
2021-03-27,0
2021-03-28,175
2021-03-29,0
2021-03-30,0
2021-03-31,51
2021-04-01,234
2021-04-02,0
2021-04-03,0
2021-04-04,0
2021-04-05,0
2021-04-06,0
2021-04-07,0
2021-04-08,0
2021-04-09,0
2021-04-10,0
2021-04-11,0
2021-04-12,0
2021-04-13,0
2021-04-14,0
2021-04-15,56
2021-04-16,406
2021-04-17,20
2021-04-18,0
2021-04-19,3
2021-04-20,0
2021-04-21,61
2021-04-22,0
2021-04-23,0
2021-04-24,0
2021-04-25,28
2021-04-26,0
2021-04-27,0
2021-04-28,56
2021-04-29,226
2021-04-30,38
2021-05-01,5
2021-05-02,3
2021-05-03,5
2021-05-04,170
2021-05-05,135
2021-05-06,0
2021-05-07,0
2021-05-08,0
2021-05-09,0
2021-05-10,86
2021-05-11,0
2021-05-12,0
2021-05-13,0
2021-05-14,0
2021-05-15,0
2021-05-16,3
2021-05-17,0
2021-05-18,0
2021-05-19,0
2021-05-20,0
2021-05-21,0
2021-05-22,0
2021-05-23,0
2021-05-24,0
2021-05-25,0
2021-05-26,71
2021-05-27,3
2021-05-28,274
2021-05-29,274
2021-05-30,183
2021-05-31,38
2021-06-01,0
2021-06-02,0
2021-06-03,0
2021-06-04,28
2021-06-05,0
2021-06-06,0
2021-06-07,0
2021-06-08,0
2021-06-09,13
2021-06-10,0
2021-06-11,30
2021-06-12,150
2021-06-13,0
2021-06-14,135
2021-06-15,3
2021-06-16,0
2021-06-17,0
2021-06-18,0
2021-06-19,0
2021-06-20,0
2021-06-21,0
2021-06-22,231
2021-06-23,0
2021-06-24,0
2021-06-25,23
2021-06-26,0
2021-06-27,0
2021-06-28,0
2021-06-29,0
2021-06-30,41
2021-07-01,325
2021-07-02,424
2021-07-03,427
2021-07-04,79
2021-07-05,0
2021-07-06,74
2021-07-07,8
2021-07-08,76
2021-07-09,518
2021-07-10,13
2021-07-11,8
2021-07-12,307
2021-07-13,3
2021-07-14,0
2021-07-15,0
2021-07-16,5
2021-07-17,43
2021-07-18,76
2021-07-19,0
2021-07-20,0
2021-07-21,0
2021-07-22,0
2021-07-23,0
2021-07-24,0
2021-07-25,38
2021-07-26,0
2021-07-27,97
2021-07-28,0
2021-07-29,3
2021-07-30,36
2021-07-31,0
2021-08-01,0
2021-08-02,0
2021-08-03,0
2021-08-04,147
2021-08-05,361
2021-08-06,0
2021-08-07,0
2021-08-08,0
2021-08-09,292
2021-08-10,8
2021-08-11,0
2021-08-12,0
2021-08-13,0
2021-08-14,3
2021-08-15,0
2021-08-16,0
2021-08-17,0
2021-08-18,0
2021-08-19,290
2021-08-20,13
2021-08-21,0
2021-08-22,193
2021-08-23,429
2021-08-24,0
2021-08-25,0
2021-08-26,0
2021-08-27,0
2021-08-28,18
2021-08-29,20
2021-08-30,5
2021-08-31,0
2021-09-01,429
2021-09-02,645
2021-09-03,0
2021-09-04,0
2021-09-05,13
2021-09-06,0
2021-09-07,0
2021-09-08,0
2021-09-09,244
2021-09-10,48
2021-09-11,0
2021-09-12,0
2021-09-13,15
2021-09-14,0
2021-09-15,0
2021-09-16,79
2021-09-17,0
2021-09-18,15
2021-09-19,71
2021-09-20,0
2021-09-21,0
2021-09-22,0
2021-09-23,8
2021-09-24,0
2021-09-25,8
2021-09-26,140
2021-09-27,0
2021-09-28,183
2021-09-29,0
2021-09-30,0
2021-10-01,0
2021-10-02,0
2021-10-03,33
2021-10-04,274
2021-10-05,76
2021-10-06,0
2021-10-07,0
2021-10-08,0
2021-10-09,0
2021-10-10,0
2021-10-11,0
2021-10-12,0
2021-10-13,0
2021-10-14,0
2021-10-15,0
2021-10-16,5
2021-10-17,79
2021-10-18,0
2021-10-19,0
2021-10-20,0
2021-10-21,0
2021-10-22,0
2021-10-23,0
2021-10-24,0
2021-10-25,206
2021-10-26,234
2021-10-27,25
2021-10-28,0
2021-10-29,0
2021-10-30,259
2021-10-31,107
2021-11-01,0
2021-11-02,0
2021-11-03,0
2021-11-04,0
2021-11-05,0
2021-11-06,0
2021-11-07,0
2021-11-08,0
2021-11-09,0
2021-11-10,0
2021-11-11,0
2021-11-12,135
2021-11-13,48
2021-11-14,0
2021-11-15,20
2021-11-16,0
2021-11-17,0
2021-11-18,0
2021-11-19,71
2021-11-20,0
2021-11-21,0
2021-11-22,56
2021-11-23,0
2021-11-24,0
2021-11-25,0
2021-11-26,10
2021-11-27,0
2021-11-28,0
2021-11-29,0
2021-11-30,0
2021-12-01,0
2021-12-02,5
2021-12-03,0
2021-12-04,0
2021-12-05,0
2021-12-06,64
2021-12-07,0
2021-12-08,0
2021-12-09,3
2021-12-10,0
2021-12-11,64
2021-12-12,10
2021-12-13,0
2021-12-14,0
2021-12-15,5
2021-12-16,43
2021-12-17,0
2021-12-18,142
2021-12-19,97
2021-12-20,0
2021-12-21,0
2021-12-22,23
2021-12-23,0
2021-12-24,0
2021-12-25,81
2021-12-26,61
2021-12-27,0
2021-12-28,10
2021-12-29,0
2021-12-30,15
2021-12-31,0
2022-02-28,0
2022-03-01,23
2022-03-02,0
2022-03-03,41
2022-03-04,0
2022-03-05,0
2022-03-06,3
2022-03-07,79
2022-03-08,0
2022-03-09,66
2022-03-10,0
2022-03-11,0
2022-03-12,91
2022-03-13,0
2022-03-14,0
2022-03-15,5
2022-03-16,0
2022-03-17,8
2022-03-18,0
2022-03-19,51
2022-03-20,0
2022-03-21,0
2022-03-22,0
2022-03-23,0
2022-03-24,190
2022-03-25,64
2022-03-26,84
2022-03-27,0
2022-03-28,3
2022-03-29,0
2022-03-30,0
2022-03-31,38
2022-04-01,102
2022-04-02,0
2022-04-03,0
2022-04-04,3
2022-04-05,0
2022-04-06,28
2022-04-07,3
2022-04-08,38
2022-04-09,28
2022-04-10,0
2022-04-11,0
2022-04-12,8
2022-04-13,0
2022-04-14,58
2022-04-15,0
2022-04-16,99
2022-04-17,0
2022-04-18,0
2022-04-19,142
2022-04-20,0
2022-04-21,0
2022-04-22,0
2022-04-23,0
2022-04-24,0
2022-04-25,0
2022-04-26,58
2022-04-27,23
2022-04-28,0
2022-04-29,0
2022-04-30,0
2022-05-01,0
2022-05-02,41
2022-05-03,23
2022-05-04,30
2022-05-05,0
2022-05-06,0
2022-05-07,0
2022-05-08,0
2022-05-09,0
2022-05-10,0
2022-05-11,0
2022-05-12,0
2022-05-13,0
2022-05-14,0
2022-05-15,3
2022-05-16,23
2022-05-17,0
2022-05-18,0
2022-05-19,3
2022-05-20,0
2022-05-21,5
2022-05-22,23
2022-05-23,0
2022-05-24,0
2022-05-25,0
2022-05-26,0
2022-05-27,0
2022-05-28,185
2022-05-29,0
2022-05-30,0
2022-05-31,0
2022-06-01,23
2022-06-02,25
2022-06-03,3
2022-06-04,0
2022-06-05,0
2022-06-06,0
2022-06-07,0
2022-06-08,58
2022-06-09,216
2022-06-10,0
2022-06-11,0
2022-06-12,0
2022-06-13,23
2022-06-14,0
2022-06-15,0
2022-06-16,0
2022-06-17,0
2022-06-18,0
2022-06-19,79
2022-06-20,0
2022-06-21,0
2022-06-22,0
2022-06-23,0
2022-06-24,0
2022-06-25,0
2022-06-26,0
2022-06-27,165
2022-06-28,0
2022-06-29,0
2022-06-30,0
2022-07-01,0
2022-07-02,48
2022-07-03,0
2022-07-04,0
2022-07-05,10
2022-07-06,3
2022-07-07,0
2022-07-08,0
2022-07-09,0
2022-07-10,0
2022-07-11,0
2022-07-12,3
2022-07-13,0
2022-07-14,41
2022-07-15,0
2022-07-16,0
2022-07-17,0
2022-07-18,38
2022-07-19,5
2022-07-20,0
2022-07-21,0
2022-07-22,0
2022-07-23,0
2022-07-24,0
2022-07-25,0
2022-07-26,0
2022-07-27,0
2022-07-28,10
2022-07-29,0
2022-07-30,0
2022-07-31,0
2022-08-01,3
2022-08-02,0
2022-08-03,0
2022-08-04,0
2022-08-05,20
2022-08-06,0
2022-08-07,8
2022-08-08,0
2022-08-09,36
2022-08-10,0
2022-08-11,0
2022-08-12,0
2022-08-13,0
2022-08-14,0
2022-08-15,0
2022-08-16,0
2022-08-17,3
2022-08-18,0
2022-08-19,0
2022-08-20,0
2022-08-21,0
2022-08-22,112
2022-08-23,5
2022-08-24,0
2022-08-25,0
2022-08-26,104
2022-08-27,0
2022-08-28,0
2022-08-29,0
2022-08-30,0
2022-08-31,84
2022-09-01,0
2022-09-02,0
2022-09-03,0
2022-09-04,0
2022-09-05,112
2022-09-06,135
2022-09-07,0
2022-09-08,0
2022-09-09,0
2022-09-10,0
2022-09-11,0
2022-09-12,0
2022-09-13,38
2022-09-14,0
2022-09-15,0
2022-09-16,0
2022-09-17,0
2022-09-18,3
2022-09-19,107
2022-09-20,3
2022-09-21,0
2022-09-22,191
2022-09-23,0
2022-09-24,0
2022-09-25,0
2022-09-26,74
2022-09-27,0
2022-09-28,0
2022-09-29,0
2022-09-30,0
2022-10-01,5
2022-10-02,0
2022-10-03,0
2022-10-04,117
2022-10-05,112
2022-10-06,0
2022-10-07,0
2022-10-08,3
2022-10-09,0
2022-10-10,8
2022-10-11,0
2022-10-12,0
2022-10-13,262
2022-10-14,302
2022-10-15,0
2022-10-16,0
2022-10-17,58
2022-10-18,46
2022-10-19,0
2022-10-20,0
2022-10-21,0
2022-10-22,0
2022-10-23,18
2022-10-24,25
2022-10-25,13
2022-10-26,119
2022-10-27,0
2022-10-28,0
2022-10-29,0
2022-10-30,0
2022-10-31,0
2022-11-01,10
2022-11-02,0
2022-11-03,0
2022-11-04,0
2022-11-05,0
2022-11-06,0
2022-11-07,0
2022-11-08,0
2022-11-09,0
2022-11-10,0
2022-11-11,97
2022-11-12,18
2022-11-13,25
